timestamp,device,severity,message,label,clean_message,prediction,anomaly_score
2025-11-20 03:04:56,R2,6,OSPF: Neighbor adjacency established,0,ospf: neighbor adjacency established,0,0.0072795013606282155
2025-11-20 13:48:45,SW2,2,PORT-SECURITY: 1 MAC address learned,0,port-security: 1 mac address learned,0,0.02536818872017793
2025-11-20 01:49:20,R2,4,LINK-DOWN: Interface GigabitEthernet0/2 is down,0,link-down: interface gigabitethernet0 2 is down,0,0.06457419948931492
2025-11-20 02:29:09,SW2,1,DDOS DETECTED: Abnormal traffic spike,1,ddos detected: abnormal traffic spike,1,-0.0032313830343073113
2025-11-20 02:53:37,SW1,5,LINK-DOWN: Interface GigabitEthernet0/2 is down,0,link-down: interface gigabitethernet0 2 is down,0,0.0534041961044473
2025-11-20 13:11:46,SW2,7,LINK-UP: Interface GigabitEthernet0/1 is up,0,link-up: interface gigabitethernet0 1 is up,0,0.014401841481665234
2025-11-20 07:49:57,SW1,7,SYSLOG: System running normally,0,syslog: system running normally,0,0.023085401797152183
2025-11-20 08:57:34,SW1,0,SYSLOG: System running normally,0,syslog: system running normally,0,0.017501491150735793
2025-11-20 07:51:18,SW1,6,DHCP: New lease granted,0,dhcp: new lease granted,0,0.03977911078225077
2025-11-20 01:39:48,R2,6,OSPF: Neighbor adjacency established,0,ospf: neighbor adjacency established,0,0.0072795013606282155
2025-11-20 04:19:22,SW1,6,STP: Topology change detected,0,stp: topology change detected,0,0.024057554743058485
2025-11-20 14:38:30,SW1,0,PORT-SECURITY: 1 MAC address learned,0,port-security: 1 mac address learned,0,0.013818723153498191
2025-11-20 12:15:43,R2,2,SYSLOG: System running normally,0,syslog: system running normally,0,0.029853261559718958
2025-11-20 01:50:02,SW2,2,STP: Topology change detected,0,stp: topology change detected,0,0.049363556990712154
2025-11-20 02:19:15,R2,2,LINK-DOWN: Interface GigabitEthernet0/2 is down,0,link-down: interface gigabitethernet0 2 is down,0,0.06626382314002949
2025-11-20 03:14:27,R1,3,SECURITY ALERT: Possible intrusion detected,1,security alert: possible intrusion detected,0,0.027015534923544915
2025-11-20 07:32:38,R2,3,SYSLOG: System running normally,0,syslog: system running normally,0,0.04971880688728458
2025-11-20 05:49:15,SW1,2,LINK-UP: Interface GigabitEthernet0/1 is up,0,link-up: interface gigabitethernet0 1 is up,0,0.041536266469338445
2025-11-20 04:28:55,R1,7,DHCP: New lease granted,0,dhcp: new lease granted,0,0.02584288969250159
2025-11-20 13:00:26,SW2,2,LINK-DOWN: Interface GigabitEthernet0/2 is down,0,link-down: interface gigabitethernet0 2 is down,0,0.06626382314002949
2025-11-20 11:15:24,SW2,4,LINK-UP: Interface GigabitEthernet0/1 is up,0,link-up: interface gigabitethernet0 1 is up,0,0.05118297828382301
2025-11-20 05:43:41,R2,6,SYSLOG: System running normally,0,syslog: system running normally,0,0.02493909213898854
2025-11-20 05:53:57,R1,2,PORT-SECURITY: 1 MAC address learned,0,port-security: 1 mac address learned,0,0.02536818872017793
2025-11-20 04:32:46,SW1,5,DHCP: New lease granted,0,dhcp: new lease granted,0,0.039442358087643126
2025-11-20 12:42:00,R1,4,SYSLOG: System running normally,0,syslog: system running normally,0,0.04997346687804083
2025-11-20 10:54:35,R1,5,PORT-SECURITY: 1 MAC address learned,0,port-security: 1 mac address learned,0,0.013566050767476134
2025-11-20 11:13:56,SW1,7,SYSLOG: System running normally,0,syslog: system running normally,0,0.023085401797152183
2025-11-20 08:45:04,R2,1,LINK-UP: Interface GigabitEthernet0/1 is up,0,link-up: interface gigabitethernet0 1 is up,0,0.04594176244284093
2025-11-20 04:14:44,R2,5,SECURITY ALERT: Possible intrusion detected,1,security alert: possible intrusion detected,0,0.009195690480062746
2025-11-20 11:18:00,R1,0,SYSLOG: System running normally,0,syslog: system running normally,0,0.017501491150735793
2025-11-20 10:54:18,R1,1,LINK-UP: Interface GigabitEthernet0/1 is up,0,link-up: interface gigabitethernet0 1 is up,0,0.04594176244284093
2025-11-20 09:24:33,SW1,0,LINK-DOWN: Interface GigabitEthernet0/2 is down,0,link-down: interface gigabitethernet0 2 is down,0,0.039568343531629746
2025-11-20 05:54:34,R1,5,AUTH-FAIL: Multiple invalid SSH attempts,1,auth-fail: multiple invalid ssh attempts,1,-0.08362735615656397
2025-11-20 03:17:55,R2,3,DHCP: New lease granted,0,dhcp: new lease granted,0,0.04009531545759171
2025-11-20 08:24:36,SW1,7,DDOS DETECTED: Abnormal traffic spike,1,ddos detected: abnormal traffic spike,0,0.013624393826323744
2025-11-20 09:52:15,R2,6,LINK-UP: Interface GigabitEthernet0/1 is up,0,link-up: interface gigabitethernet0 1 is up,0,0.030848867350693032
2025-11-20 11:51:14,R2,2,PORT-SECURITY: 1 MAC address learned,0,port-security: 1 mac address learned,0,0.02536818872017793
2025-11-20 14:31:34,R1,0,LINK-UP: Interface GigabitEthernet0/1 is up,0,link-up: interface gigabitethernet0 1 is up,0,0.01916979942769692
2025-11-20 07:45:51,SW1,3,SYSLOG: System running normally,0,syslog: system running normally,0,0.04971880688728458
2025-11-20 10:26:48,SW2,0,SYSLOG: System running normally,0,syslog: system running normally,0,0.017501491150735793
2025-11-20 07:12:18,R2,5,CPU HIGH: 98% utilization for 300 seconds,1,cpu high: 98 utilization for 300 seconds,1,-0.11173469697331578
2025-11-20 02:00:33,SW2,2,DHCP: New lease granted,0,dhcp: new lease granted,0,0.02652084111686115
2025-11-20 09:28:43,SW1,3,LINK-DOWN: Interface GigabitEthernet0/2 is down,0,link-down: interface gigabitethernet0 2 is down,0,0.06612651916454726
2025-11-20 12:32:29,R1,5,PORT-SECURITY: 1 MAC address learned,0,port-security: 1 mac address learned,0,0.013566050767476134
2025-11-20 06:58:47,R1,1,OSPF: Neighbor adjacency established,0,ospf: neighbor adjacency established,0,0.012112132285098276
2025-11-20 12:09:42,SW1,3,LINK-DOWN: Interface GigabitEthernet0/2 is down,0,link-down: interface gigabitethernet0 2 is down,0,0.06612651916454726
2025-11-20 04:06:52,R2,2,AUTH-FAIL: Multiple invalid SSH attempts,1,auth-fail: multiple invalid ssh attempts,1,-0.04284832668612154
2025-11-20 10:23:50,R1,3,PORT-SECURITY: 1 MAC address learned,0,port-security: 1 mac address learned,0,0.009298999151972909
2025-11-20 07:20:45,SW1,7,SECURITY ALERT: Possible intrusion detected,1,security alert: possible intrusion detected,1,-0.0062137379733191445
2025-11-20 04:45:24,R1,5,DDOS DETECTED: Abnormal traffic spike,1,ddos detected: abnormal traffic spike,0,0.006542242009128729
2025-11-20 02:43:16,SW1,5,PORT-SCAN: Multiple SYN packets detected,1,port-scan: multiple syn packets detected,1,-0.041239446108269295
2025-11-20 11:43:18,SW1,3,SECURITY ALERT: Possible intrusion detected,1,security alert: possible intrusion detected,0,0.027015534923544915
2025-11-20 13:04:07,SW1,2,STP: Topology change detected,0,stp: topology change detected,0,0.049363556990712154
2025-11-20 04:33:07,R1,6,LINK-DOWN: Interface GigabitEthernet0/2 is down,0,link-down: interface gigabitethernet0 2 is down,0,0.04119970274263113
2025-11-20 10:48:04,R1,3,SECURITY ALERT: Possible intrusion detected,1,security alert: possible intrusion detected,0,0.027015534923544915
2025-11-20 02:12:07,R2,4,STP: Topology change detected,0,stp: topology change detected,0,0.039785980656213804
2025-11-20 12:00:49,SW2,0,DHCP: New lease granted,0,dhcp: new lease granted,0,0.022289056612404268
2025-11-20 06:41:30,R2,3,DHCP: New lease granted,0,dhcp: new lease granted,0,0.04009531545759171
2025-11-20 03:28:34,R1,7,CPU HIGH: 98% utilization for 300 seconds,1,cpu high: 98 utilization for 300 seconds,1,-0.08377017452810837
2025-11-20 07:42:06,R2,7,DHCP: New lease granted,0,dhcp: new lease granted,0,0.02584288969250159
2025-11-20 06:36:16,SW1,4,OSPF: Neighbor adjacency established,0,ospf: neighbor adjacency established,0,0.0006577120150663696
2025-11-20 12:36:20,SW2,7,DDOS DETECTED: Abnormal traffic spike,1,ddos detected: abnormal traffic spike,0,0.013624393826323744
2025-11-20 09:55:46,SW2,0,OSPF: Neighbor adjacency established,0,ospf: neighbor adjacency established,0,0.0027609953549206923
2025-11-20 12:10:36,R1,2,SECURITY ALERT: Possible intrusion detected,1,security alert: possible intrusion detected,1,-0.0054456653555362
2025-11-20 05:18:51,SW1,3,OSPF: Neighbor adjacency established,0,ospf: neighbor adjacency established,0,0.00017874836571984964
2025-11-20 01:50:55,R1,7,CPU HIGH: 98% utilization for 300 seconds,1,cpu high: 98 utilization for 300 seconds,1,-0.08377017452810837
2025-11-20 11:36:45,R1,4,LINK-UP: Interface GigabitEthernet0/1 is up,0,link-up: interface gigabitethernet0 1 is up,0,0.05118297828382301
2025-11-20 12:12:48,R2,1,STP: Topology change detected,0,stp: topology change detected,0,0.030492247009030193
2025-11-20 10:55:23,R2,1,OSPF: Neighbor adjacency established,0,ospf: neighbor adjacency established,0,0.012112132285098276
2025-11-20 01:19:04,R2,4,LINK-DOWN: Interface GigabitEthernet0/2 is down,0,link-down: interface gigabitethernet0 2 is down,0,0.06457419948931492
2025-11-20 11:14:53,R1,4,PORT-SECURITY: 1 MAC address learned,0,port-security: 1 mac address learned,0,0.025088630352044283
2025-11-20 10:27:41,SW2,2,STP: Topology change detected,0,stp: topology change detected,0,0.049363556990712154
2025-11-20 05:17:14,R2,0,OSPF: Neighbor adjacency established,0,ospf: neighbor adjacency established,0,0.0027609953549206923
2025-11-20 05:16:23,SW2,1,AUTH-FAIL: Multiple invalid SSH attempts,1,auth-fail: multiple invalid ssh attempts,1,-0.05141348155257969
2025-11-20 14:28:46,SW1,0,PORT-SECURITY: 1 MAC address learned,0,port-security: 1 mac address learned,0,0.013818723153498191
2025-11-20 09:35:19,R1,4,PORT-SECURITY: 1 MAC address learned,0,port-security: 1 mac address learned,0,0.025088630352044283
2025-11-20 05:36:01,SW2,0,PORT-SECURITY: 1 MAC address learned,0,port-security: 1 mac address learned,0,0.013818723153498191
2025-11-20 03:26:46,R2,5,STP: Topology change detected,0,stp: topology change detected,0,0.036641929711778154
2025-11-20 12:51:27,R1,7,LINK-DOWN: Interface GigabitEthernet0/2 is down,0,link-down: interface gigabitethernet0 2 is down,0,0.03243053609167773
2025-11-20 03:23:21,R2,0,AUTH-FAIL: Multiple invalid SSH attempts,1,auth-fail: multiple invalid ssh attempts,1,-0.0704129659840857
2025-11-20 04:38:29,R1,0,PORT-SECURITY: 1 MAC address learned,0,port-security: 1 mac address learned,0,0.013818723153498191
2025-11-20 10:01:43,SW1,7,PORT-SECURITY: 1 MAC address learned,0,port-security: 1 mac address learned,1,-0.05669187328601949
2025-11-20 11:03:40,R1,1,PORT-SECURITY: 1 MAC address learned,0,port-security: 1 mac address learned,1,-0.0010129074057459442
2025-11-20 06:01:28,R2,5,LINK-UP: Interface GigabitEthernet0/1 is up,0,link-up: interface gigabitethernet0 1 is up,0,0.03799027609199651
2025-11-20 02:28:44,SW1,4,PORT-SECURITY: 1 MAC address learned,0,port-security: 1 mac address learned,0,0.025088630352044283
2025-11-20 12:18:36,R2,6,DHCP: New lease granted,0,dhcp: new lease granted,0,0.03977911078225077
2025-11-20 09:50:59,SW1,0,PORT-SCAN: Multiple SYN packets detected,1,port-scan: multiple syn packets detected,1,-0.04126881205559546
2025-11-20 14:17:20,SW2,5,PORT-SECURITY: 1 MAC address learned,0,port-security: 1 mac address learned,0,0.013566050767476134
2025-11-20 12:32:07,R1,4,SYSLOG: System running normally,0,syslog: system running normally,0,0.04997346687804083
2025-11-20 01:40:02,R2,3,AUTH-FAIL: Multiple invalid SSH attempts,1,auth-fail: multiple invalid ssh attempts,1,-0.04953740115038857
2025-11-20 13:37:55,R1,6,OSPF: Neighbor adjacency established,0,ospf: neighbor adjacency established,0,0.0072795013606282155
2025-11-20 09:26:45,R2,3,LINK-UP: Interface GigabitEthernet0/1 is up,0,link-up: interface gigabitethernet0 1 is up,0,0.04636484631928678
2025-11-20 13:29:00,R1,2,LINK-DOWN: Interface GigabitEthernet0/2 is down,0,link-down: interface gigabitethernet0 2 is down,0,0.06626382314002949
2025-11-20 02:11:22,R1,5,DHCP: New lease granted,0,dhcp: new lease granted,0,0.039442358087643126
2025-11-20 12:22:58,R2,0,DHCP: New lease granted,0,dhcp: new lease granted,0,0.022289056612404268
2025-11-20 11:46:05,R2,1,LINK-DOWN: Interface GigabitEthernet0/2 is down,0,link-down: interface gigabitethernet0 2 is down,0,0.05194423343660409
2025-11-20 13:58:43,R1,7,SYSLOG: System running normally,0,syslog: system running normally,0,0.023085401797152183
2025-11-20 10:41:27,R2,3,DDOS DETECTED: Abnormal traffic spike,1,ddos detected: abnormal traffic spike,0,0.007693281958275788
2025-11-20 11:57:44,SW1,0,DHCP: New lease granted,0,dhcp: new lease granted,0,0.022289056612404268
2025-11-20 06:38:34,SW1,5,SYSLOG: System running normally,0,syslog: system running normally,0,0.034826585627606155
